date,season,opponent,home_score,away_score,attendance,status,game_pk,avg_temp_f,avg_precip_mm,n_promotions,is_promo,is_bobblehead,promotion_names,mets_wins,opp_wins,mets_losses,opp_losses,mets_win_pct,opp_win_pct,mets_streak_code,opp_streak_code,mets_streak_num,opp_streak_num,mets_games_back,opp_games_back,mets_starter_name,mets_starter_era,opp_starter_name,opp_starter_era,starter_era_diff,mets_starter_is_ace,is_national,national_network,is_premium_national,broadcast_tier,game_hour_et,is_day_game,time_bucket,day_of_week,month,dayofweek,is_weekend,mets_starter_id,opp_starter_id,game_date_utc,game_number,is_doubleheader,is_game2,days_out
2026-03-26,2026,Pittsburgh Pirates,11.0,7.0,41449.0,Final,823649,56.7,0.0,1,1,0,2026 Magnet Schedule,1.0,0.0,0.0,1.0,1.0,0.0,W1,L1,1,-1.0,0.0,1.0,Freddy Peralta,,Paul Skenes,,,0.0,1,"NBC/Peacock, NBC/Peacock",0,MLBN only,13.25,1,Early (<5pm),Thursday,3,3,0,,,,,,,
2026-03-28,2026,Pittsburgh Pirates,4.0,2.0,37183.0,Final,823651,40.1,0.0,1,1,0,1986 World Series Championship Replica Ring,2.0,0.0,0.0,2.0,1.0,0.0,W2,L2,2,-2.0,0.0,2.0,David Peterson,,Mitch Keller,,,0.0,0,,0,Non-national,16.166666666666668,1,Early (<5pm),Saturday,3,5,1,,,,,,,
2026-03-29,2026,Pittsburgh Pirates,3.0,4.0,36940.0,Final,823647,45.2,0.0,1,1,0,5-Borough Race Kids Puzzle,2.0,1.0,1.0,2.0,0.667,0.333,L1,W1,-1,1.0,1.0,2.0,Nolan McLean,,Carmen Mlodzinski,,,0.0,0,,0,Non-national,13.666666666666666,1,Early (<5pm),Sunday,3,6,1,,,,,,,
2026-04-07,2026,Arizona Diamondbacks,4.0,3.0,34753.0,Final,823648,44.5,0.0,0,0,0,,7.0,5.0,4.0,6.0,0.636,0.455,W4,L1,4,-1.0,0.0,4.0,Freddy Peralta,4.35,Zac Gallen,3.6,-0.7499999999999996,0.0,0,,0,Non-national,16.166666666666668,1,Early (<5pm),Tuesday,4,1,0,,,,,,,
2026-04-08,2026,Arizona Diamondbacks,2.0,7.0,33422.0,Final,823646,41.7,0.0,0,0,0,,7.0,6.0,5.0,6.0,0.583,0.5,L1,W1,-1,1.0,0.5,3.0,David Peterson,4.66,Ryne Nelson,5.79,1.13,0.0,0,,0,Non-national,16.166666666666668,1,Early (<5pm),Wednesday,4,2,0,,,,,,,
2026-04-09,2026,Arizona Diamondbacks,1.0,7.0,35783.0,Final,823645,44.3,0.0,0,0,0,,7.0,7.0,6.0,6.0,0.538,0.538,L2,W2,-2,2.0,1.0,2.5,Nolan McLean,2.61,Eduardo Rodriguez,0.0,-2.61,1.0,1,"MLB Network, MLB Network",0,MLBN only,19.166666666666668,0,Night (6:30pm+),Thursday,4,3,0,,,,,,,
2026-04-10,2026,Athletics,0.0,4.0,36349.0,Final,823643,51.0,0.0,0,0,0,,7.0,6.0,7.0,7.0,0.5,0.462,L3,W3,-3,3.0,2.0,1.0,Clay Holmes,1.42,J.T. Ginn,,,1.0,0,,0,Non-national,19.166666666666668,0,Night (6:30pm+),Friday,4,4,1,,,,,,,
2026-04-11,2026,Athletics,6.0,11.0,38244.0,Final,823644,61.2,0.0,1,1,1,Juan Soto 40/30 Bobblehead,7.0,7.0,8.0,7.0,0.467,0.5,L4,W4,-4,4.0,2.0,0.0,Kodai Senga,3.09,Jacob Lopez,6.48,3.390000000000001,0.0,0,,0,Non-national,16.166666666666668,1,Early (<5pm),Saturday,4,5,1,,,,,,,
2026-04-12,2026,Athletics,0.0,1.0,37316.0,Final,823642,49.1,0.0,0,0,0,,7.0,8.0,9.0,7.0,0.438,0.533,L5,W5,-5,5.0,3.0,0.0,Freddy Peralta,4.8,Aaron Civale,2.7,-2.1,0.0,0,,0,Non-national,13.666666666666666,1,Early (<5pm),Sunday,4,6,1,,,,,,,
2026-04-21,2026,Minnesota Twins,3.0,5.0,32798.0,Final,823640,46.6,0.0,0,0,0,,7.0,12.0,16.0,11.0,0.304,0.522,L12,W1,-12,1.0,8.5,1.0,Nolan McLean,2.28,Simeon Woods Richardson,6.1,3.82,1.0,0,,0,Non-national,19.166666666666668,0,Night (6:30pm+),Tuesday,4,1,0,,,,,,,
2026-04-22,2026,Minnesota Twins,3.0,2.0,32665.0,Final,823641,52.3,0.0,0,0,0,,8.0,12.0,16.0,12.0,0.333,0.5,W1,L1,1,-1.0,8.5,1.0,Clay Holmes,1.96,Connor Prielipp,,,1.0,0,,0,Non-national,19.166666666666668,0,Night (6:30pm+),Wednesday,4,2,0,,,,,,,
2026-04-23,2026,Minnesota Twins,10.0,8.0,34253.0,Final,823639,71.8,0.0,0,0,0,,9.0,12.0,16.0,13.0,0.36,0.48,W2,L2,2,-2.0,8.5,1.5,Christian Scott,,Joe Ryan,3.29,,0.0,0,,0,Non-national,19.166666666666668,0,Night (6:30pm+),Thursday,4,3,0,,,,,,,
2026-04-24,2026,Colorado Rockies,3.0,4.0,36233.0,Final,823638,59.5,0.0,0,0,0,,9.0,11.0,17.0,16.0,0.346,0.407,L1,W1,-1,1.0,9.5,7.0,Freddy Peralta,4.05,Michael Lorenzen,7.84,3.79,0.0,0,,0,Non-national,19.166666666666668,0,Night (6:30pm+),Friday,4,4,1,,,,,,,
2026-04-26,2026,Colorado Rockies,1.0,3.0,,Final,823635,54.5,0.0,0,0,0,,9.0,13.0,19.0,16.0,0.321,0.448,L3,W3,-3,3.0,10.5,6.5,Nolan McLean,2.67,Jose Quintana,6.23,3.5600000000000005,1.0,0,,0,Non-national,13.666666666666666,1,Early (<5pm),Sunday,4,6,1,,,,,,,
2026-04-26,2026,Colorado Rockies,0.0,3.0,38155.0,Final,823637,54.5,0.0,0,0,0,,9.0,13.0,19.0,16.0,0.321,0.448,L3,W3,-3,3.0,10.5,6.5,Kodai Senga,8.83,Chase Dollander,,,0.0,0,,0,Non-national,13.75,1,Early (<5pm),Sunday,4,6,1,,,,,,,
2026-04-28,2026,Washington Nationals,8.0,0.0,33622.0,Final,823636,56.1,0.0,0,0,0,,10.0,13.0,19.0,17.0,0.345,0.433,W1,L1,1,-1.0,10.5,8.0,Clay Holmes,2.1,Zack Littell,8.1,6.0,1.0,0,,0,Non-national,19.166666666666668,0,Night (6:30pm+),Tuesday,4,1,0,,,,,,,
2026-04-29,2026,Washington Nationals,2.0,14.0,32624.0,Final,823633,52.8,0.0,0,0,0,,10.0,14.0,20.0,17.0,0.333,0.452,L1,W1,-1,1.0,11.5,8.0,David Peterson,6.41,Cade Cavalli,4.01,-2.4000000000000004,0.0,0,,0,Non-national,19.166666666666668,0,Night (6:30pm+),Wednesday,4,2,0,,,,,,,
2026-04-30,2026,Washington Nationals,4.0,5.0,34621.0,Final,823634,59.3,0.0,0,0,0,,10.0,15.0,21.0,17.0,0.323,0.469,L2,W2,-2,2.0,11.5,7.0,Freddy Peralta,3.9,Miles Mikolas,12.41,8.51,0.0,0,,0,Non-national,13.166666666666666,1,Early (<5pm),Thursday,4,3,0,,,,,,,
2026-05-12,2026,Detroit Tigers,10.0,2.0,36382.0,Final,823632,60.3,0.0,0,0,0,,16.0,19.0,25.0,23.0,0.39,0.452,W1,L1,1,-1.0,12.5,3.0,Freddy Peralta,3.12,Jack Flaherty,5.56,2.4399999999999995,0.0,0,,0,Non-national,19.166666666666668,0,Night (6:30pm+),Tuesday,5,1,0,,,,,,,
2026-05-13,2026,Detroit Tigers,3.0,2.0,33989.0,Final,823631,62.1,0.0,0,0,0,,17.0,19.0,25.0,24.0,0.405,0.442,W2,L2,2,-2.0,12.5,4.0,Christian Scott,3.27,Framber Valdez,4.57,1.3000000000000005,0.0,0,,0,Non-national,19.166666666666668,0,Night (6:30pm+),Wednesday,5,2,0,,,,,,,
2026-05-14,2026,Detroit Tigers,9.0,4.0,34642.0,Final,823630,64.4,0.0,0,0,0,,18.0,19.0,25.0,25.0,0.419,0.432,W3,L3,3,-3.0,11.5,4.5,Nolan McLean,2.78,Keider Montero,3.18,0.4000000000000003,1.0,0,,0,Non-national,13.166666666666666,1,Early (<5pm),Thursday,5,3,0,,,,,,,
2026-05-15,2026,New York Yankees,2.0,5.0,40004.0,Final,823629,66.7,0.0,0,0,0,,18.0,28.0,26.0,17.0,0.409,0.622,L1,W1,-1,1.0,12.5,2.0,Clay Holmes,1.86,Cam Schlittler,1.35,-0.51,1.0,1,"Apple TV, Apple TV",1,Premium national,19.25,0,Night (6:30pm+),Friday,5,4,1,,,,,,,
2026-05-16,2026,New York Yankees,6.0,3.0,41067.0,Final,823627,70.4,0.0,0,0,0,,19.0,28.0,26.0,18.0,0.422,0.609,W1,L1,1,-1.0,11.5,2.0,Huascar Brazobán,9.0,Carlos Rodón,6.23,-2.77,0.0,1,"FOX, FOX",1,Premium national,19.25,0,Night (6:30pm+),Saturday,5,5,1,,,,,,,
2026-05-17,2026,New York Yankees,7.0,6.0,40232.0,Final,823628,77.3,0.0,0,0,0,,20.0,28.0,26.0,19.0,0.435,0.596,W2,L2,2,-2.0,11.5,3.0,Freddy Peralta,3.1,Elmer Rodríguez,5.19,2.0900000000000003,0.0,0,,0,Non-national,13.666666666666666,1,Early (<5pm),Sunday,5,6,1,,,,,,,
2026-05-25,2026,Cincinnati Reds,2.0,7.0,36734.0,Final,823625,70.7,0.0,0,0,0,,22.0,28.0,32.0,25.0,0.407,0.528,L4,W2,-4,2.0,14.0,4.0,Nolan McLean,3.57,Nick Lodolo,7.2,3.63,0.0,0,,0,Non-national,16.166666666666668,1,Early (<5pm),Monday,5,0,0,,,,,,,
2026-05-26,2026,Cincinnati Reds,2.0,7.0,36848.0,Final,823624,72.0,0.0,1,1,0,1986 World Series Retro T-Shirt,22.0,29.0,33.0,25.0,0.4,0.537,L5,W3,-5,3.0,15.0,4.0,David Peterson,6.99,Chase Burns,1.83,-5.16,0.0,0,,0,Non-national,19.166666666666668,0,Night (6:30pm+),Tuesday,5,1,0,,,,,,,
2026-05-27,2026,Cincinnati Reds,4.0,2.0,33453.0,Final,823626,78.6,0.0,0,0,0,,23.0,29.0,33.0,26.0,0.411,0.527,W1,L1,1,-1.0,14.0,5.0,Huascar Brazobán,5.4,Andrew Abbott,3.97,-1.4300000000000002,0.0,0,,0,Non-national,19.166666666666668,0,Night (6:30pm+),Wednesday,5,2,0,,,,,,,
2026-05-29,2026,Miami Marlins,9.0,7.0,39386.0,Final,823623,69.8,0.0,1,1,0,Bobby Valentine Disguise,24.0,26.0,33.0,32.0,0.421,0.448,W2,L3,2,-3.0,14.5,13.0,Freddy Peralta,3.52,Max Meyer,2.52,-1.0,0.0,0,,0,Non-national,19.166666666666668,0,Night (6:30pm+),Friday,5,4,1,,,,,,,
2026-05-30,2026,Miami Marlins,6.0,1.0,38552.0,Final,823622,59.3,0.0,0,0,0,,25.0,26.0,33.0,33.0,0.431,0.441,W3,L4,3,-4.0,14.5,14.0,Christian Scott,3.2,Tyler Phillips,0.0,-3.2,0.0,0,,0,Non-national,16.166666666666668,1,Early (<5pm),Saturday,5,5,1,,,,,,,
2026-05-31,2026,Miami Marlins,10.0,1.0,40634.0,Final,823621,71.3,0.0,0,0,0,,26.0,26.0,33.0,34.0,0.441,0.433,W4,L5,4,-5.0,13.5,14.0,Nolan McLean,4.4,John King,,,0.0,0,,0,Non-national,13.666666666666666,1,Early (<5pm),Sunday,5,6,1,,,,,,,
2026-06-09,2026,St. Louis Cardinals,0.0,7.0,35175.0,Final,823620,71.3,0.0,0,0,0,,29.0,36.0,37.0,28.0,0.439,0.563,L1,W5,-1,5.0,15.5,4.5,Freddy Peralta,3.62,Dustin May,4.59,0.9699999999999998,0.0,0,,0,Non-national,19.166666666666668,0,Night (6:30pm+),Tuesday,6,1,0,,,,,,,
2026-06-10,2026,St. Louis Cardinals,2.0,9.0,34238.0,Final,823618,77.5,0.1,0,0,0,,29.0,37.0,38.0,28.0,0.433,0.569,L2,W6,-2,6.0,15.5,3.5,Austin Warren,0.0,Andre Pallante,3.96,3.96,1.0,0,,0,Non-national,19.166666666666668,0,Night (6:30pm+),Wednesday,6,2,0,,,,,,,
2026-06-11,2026,St. Louis Cardinals,5.0,4.0,37019.0,Final,823619,86.2,0.9,1,1,0,Mets Soccer Jersey,30.0,37.0,38.0,29.0,0.441,0.561,W1,L1,1,-1.0,15.0,4.0,Christian Scott,2.5,Hunter Dobbins,6.23,3.73,1.0,0,,0,Non-national,13.166666666666666,1,Early (<5pm),Thursday,6,3,0,,,,,,,
2026-06-12,2026,Atlanta Braves,7.0,5.0,38438.0,Final,823617,85.0,0.7,0,0,0,,31.0,45.0,38.0,24.0,0.449,0.652,W2,L3,2,-3.0,14.0,0.0,Nolan McLean,3.98,Spencer Strider,4.0,0.02,0.0,1,"Apple TV, Apple TV",1,Premium national,19.25,0,Night (6:30pm+),Friday,6,4,1,,,,,,,
2026-06-13,2026,Atlanta Braves,1.0,3.0,38269.0,Final,823616,82.9,0.0,1,1,1,Hello Kitty Bobblehead,31.0,46.0,39.0,24.0,0.443,0.657,L1,W1,-1,1.0,15.0,0.0,Sean Manaea,,Martín Pérez,3.23,,0.0,0,,0,Non-national,16.166666666666668,1,Early (<5pm),Saturday,6,5,1,,,,,,,
2026-06-14,2026,Atlanta Braves,8.0,1.0,40106.0,Final,823615,79.5,0.0,1,1,1,Crayola Color Your Own Mrs. Met Bobblehead,32.0,46.0,39.0,25.0,0.451,0.648,W1,L1,1,-1.0,14.0,0.0,Freddy Peralta,4.04,Bryce Elder,2.66,-1.38,0.0,0,,0,Non-national,13.666666666666666,1,Early (<5pm),Sunday,6,6,1,,,,,,,
2026-06-23,2026,Chicago Cubs,6.0,9.0,35668.0,Final,823614,68.4,0.4,1,1,0,Mets Chain Necklace,34.0,41.0,44.0,37.0,0.436,0.526,L3,W1,-3,1.0,14.0,7.5,Kodai Senga,9.0,Edward Cabrera,5.21,-3.79,0.0,0,,0,Non-national,19.166666666666668,0,Night (6:30pm+),Tuesday,6,1,0,,,,,,,
2026-06-24,2026,Chicago Cubs,3.0,10.0,31951.0,Final,823613,79.4,0.0,1,1,0,Marcus Semien Replica Jersey,34.0,43.0,46.0,37.0,0.425,0.538,L5,W3,-5,3.0,14.5,7.0,Nolan McLean,3.67,Javier Assad,3.95,0.2800000000000002,0.0,0,,0,Non-national,13.166666666666666,1,Early (<5pm),Wednesday,6,2,0,,,,,,,
2026-06-24,2026,Chicago Cubs,5.0,10.0,33934.0,Final,823611,79.4,0.0,1,1,0,Marcus Semien Replica Jersey,34.0,43.0,46.0,37.0,0.425,0.538,L5,W3,-5,3.0,14.5,7.0,Sean Manaea,3.18,Shota Imanaga,4.26,1.0799999999999996,0.0,0,,0,Non-national,19.166666666666668,0,Night (6:30pm+),Wednesday,6,2,0,,,,,,,
2026-06-25,2026,Chicago Cubs,3.0,4.0,36035.0,Final,823612,77.1,0.0,1,1,1,Juan Soto Baseball Card Bobblehead,34.0,44.0,47.0,37.0,0.42,0.543,L6,W4,-6,4.0,15.0,6.5,Freddy Peralta,4.83,Matthew Boyd,6.0,1.17,0.0,0,,0,Non-national,19.166666666666668,0,Night (6:30pm+),Thursday,6,3,0,,,,,,,
2026-06-26,2026,Philadelphia Phillies,1.0,2.0,39077.0,Final,823610,77.3,0.2,1,1,0,Mets Pride Sleeveless Jersey,34.0,46.0,48.0,36.0,0.415,0.561,L7,W4,-7,4.0,16.0,4.0,Zac Thornton,8.31,Zack Wheeler,2.11,-6.200000000000001,0.0,0,,0,Non-national,19.166666666666668,0,Night (6:30pm+),Friday,6,4,1,,,,,,,
2026-06-27,2026,Philadelphia Phillies,6.0,2.0,37338.0,Final,823609,71.9,1.0,0,0,0,,35.0,46.0,48.0,37.0,0.422,0.554,W1,L1,1,-1.0,15.0,4.0,Christian Scott,3.1,Tim Mayza,3.0,-0.1,0.0,0,,0,Non-national,16.166666666666668,1,Early (<5pm),Saturday,6,5,1,,,,,,,
2026-06-28,2026,Philadelphia Phillies,4.0,5.0,38770.0,Final,823608,76.1,0.0,0,0,0,,35.0,47.0,49.0,37.0,0.417,0.56,L1,W1,-1,1.0,15.0,3.0,Cionel Pérez,,Jesús Luzardo,4.0,,0.0,0,,0,Non-national,13.666666666666666,1,Early (<5pm),Sunday,6,6,1,,,,,,,
2026-07-07,2026,Kansas City Royals,12.0,16.0,32734.0,Final,823607,71.0,0.0,0,0,0,,38.0,38.0,54.0,54.0,0.413,0.413,L1,W3,-1,3.0,15.0,10.0,Cionel Pérez,0.0,Seth Lugo,4.2,4.2,1.0,0,,0,Non-national,19.166666666666668,0,Night (6:30pm+),Tuesday,7,1,0,,,,,,,
2026-07-08,2026,Kansas City Royals,6.0,2.0,32227.0,Final,823605,77.0,0.0,0,0,0,,39.0,38.0,54.0,55.0,0.419,0.409,W1,L1,1,-1.0,15.0,10.0,Christian Scott,3.49,Steven Cruz,0.0,-3.49,0.0,0,,0,Non-national,19.166666666666668,0,Night (6:30pm+),Wednesday,7,2,0,,,,,,,
2026-07-09,2026,Kansas City Royals,7.0,3.0,33868.0,Final,823606,76.5,0.4,0,0,0,,40.0,38.0,54.0,56.0,0.426,0.404,W2,L2,2,-2.0,15.0,10.0,Sean Manaea,4.32,Michael Wacha,3.45,-0.8700000000000001,0.0,0,,0,Non-national,13.166666666666666,1,Early (<5pm),Thursday,7,3,0,,,,,,,
2026-07-10,2026,Boston Red Sox,2.0,6.0,38090.0,Final,823604,82.4,0.1,0,0,0,,40.0,44.0,55.0,48.0,0.421,0.478,L1,W7,-1,7.0,15.0,11.0,Nolan McLean,3.73,Sonny Gray,2.61,-1.12,0.0,1,"Apple TV, Apple TV",1,Premium national,19.25,0,Night (6:30pm+),Friday,7,4,1,,,,,,,
2026-07-11,2026,Boston Red Sox,0.0,4.0,38371.0,Final,823603,81.0,0.0,0,0,0,,40.0,45.0,56.0,48.0,0.417,0.484,L2,W8,-2,8.0,15.0,11.0,Freddy Peralta,4.68,Eduardo Rivera,,,0.0,1,"FS1, FS1",1,Premium national,16.166666666666668,1,Early (<5pm),Saturday,7,5,1,,,,,,,
2026-07-12,2026,Boston Red Sox,2.0,3.0,37638.0,Final,823602,80.8,0.0,0,0,0,,40.0,46.0,57.0,48.0,0.412,0.489,L3,W9,-3,9.0,16.0,10.0,Zac Thornton,4.35,Payton Tolle,3.14,-1.2099999999999995,0.0,0,,0,Non-national,13.666666666666666,1,Early (<5pm),Sunday,7,6,1,,,,,,,
2026-07-24,2026,Los Angeles Dodgers,2.0,4.0,35338.0,Final,823601,78.1,0.0,0,0,0,,,,,,0.413,0.635,,,-2,,,,Sean Manaea,4.42,Roki Sasaki,4.98,,,0,,0,,19.166666666666668,0,,,7,4,1,640455.0,808963.0,2026-07-24T23:10:00Z,,,,
2026-07-25,2026,Los Angeles Dodgers,3.0,4.0,36356.0,Final,823600,78.7,0.0,0,0,0,,,,,,0.41,0.638,,,-3,,,,Nolan McLean,3.34,Yoshinobu Yamamoto,2.78,,,1,"FOX / FOX ONE, FOX / FOX ONE",0,,19.25,0,,,7,5,1,690997.0,808967.0,2026-07-25T23:15:00Z,,,,
2026-07-26,2026,Los Angeles Dodgers,8.0,3.0,34566.0,Final,823599,79.6,0.0,0,0,0,,,,,,0.415,0.632,,,1,,,,Freddy Peralta,5.01,Emmet Sheehan,5.13,,,0,,0,,13.666666666666666,1,,,7,6,1,642547.0,686218.0,2026-07-26T17:40:00Z,,,,
2026-07-27,2026,Atlanta Braves,14.0,3.0,29466.0,Final,823597,79.9,0.1,0,0,0,,,,,,0.421,0.585,,,2,,,,Zac Thornton,1.93,Martín Pérez,3.55,,,0,,0,,19.166666666666668,0,,,7,0,0,804267.0,527048.0,2026-07-27T23:10:00Z,,,,
2026-07-29,2026,Atlanta Braves,3.0,2.0,28493.0,Final,823596,76.6,0.5,0,0,0,,,,,,0.422,0.583,,,-1,,,,Sean Manaea,4.01,AJ Smith-Shawver,,,,0,,0,,13.166666666666666,1,,,7,2,0,640455.0,700363.0,2026-07-29T17:10:00Z,,,,
2026-07-29,2026,Atlanta Braves,0.0,1.0,22672.0,Final,823598,76.6,0.5,0,0,0,,,,,,0.422,0.583,,,-1,,,,Christian Scott,3.13,Chris Sale,2.19,,,0,,0,,19.166666666666668,0,,,7,2,0,681035.0,519242.0,2026-07-29T23:10:00Z,,,,
2026-07-30,2026,Miami Marlins,4.0,2.0,25774.0,Final,823595,75.0,0.1,0,0,0,,,,,,0.427,0.5,,,1,,,,Nolan McLean,3.32,Eury Pérez,3.56,,,0,,0,,19.166666666666668,0,,,7,3,0,690997.0,691587.0,2026-07-30T23:10:00Z,,,,
2026-07-31,2026,Miami Marlins,2.0,5.0,33064.0,Final,823593,76.7,0.8,0,0,0,,,,,,0.423,0.505,,,-1,,,,Kodai Senga,10.08,Janson Junk,4.89,,,0,,0,,19.166666666666668,0,,,7,4,1,673540.0,676083.0,2026-07-31T23:10:00Z,,,,
2026-08-01,2026,Miami Marlins,2.0,6.0,30078.0,Final,823594,79.5,0.0,0,0,0,,,,,,0.42,0.509,,,-2,,,,Zac Thornton,2.43,Tyler Phillips,4.71,,,0,,0,,16.166666666666668,1,,,8,5,1,804267.0,663969.0,2026-08-01T20:10:00Z,,,,
2026-08-02,2026,Miami Marlins,0.0,2.0,32109.0,Final,823592,79.3,0.0,0,0,0,,,,,,0.416,0.513,,,-3,,,,Robert Stock,,Sandy Alcantara,3.82,,,0,,0,,13.666666666666666,1,,,8,6,1,476594.0,645261.0,2026-08-02T17:40:00Z,,,,
2026-08-14,2026,Washington Nationals,4.0,1.0,30660.0,Final,823591,80.6,0.0,0,0,0,,,,,,0.439,0.484,,,1,,,,Robert Stock,10.12,Andrew Alvarez,3.8,,,0,,0,,19.166666666666668,0,,,8,4,1,476594.0,674841.0,2026-08-14T23:10:00Z,1.0,0.0,0.0,
2026-08-15,2026,Washington Nationals,5.0,4.0,34737.0,Final,823588,82.4,0.0,0,0,0,,,,,,0.444,0.48,,,2,,,,Sean Manaea,3.5,Brad Lord,1.8,,,1,"FS1, FS1",1,,16.166666666666668,1,,,8,5,1,640455.0,695418.0,2026-08-15T20:10:00Z,1.0,0.0,0.0,
2026-08-16,2026,Washington Nationals,4.0,3.0,28624.0,Final,823590,75.5,0.0,0,0,0,,,,,,0.448,0.476,,,3,,,,Christian Scott,3.45,Jake Irvin,5.79,,,0,,0,,13.666666666666666,1,,,8,6,1,681035.0,663623.0,2026-08-16T17:40:00Z,1.0,0.0,0.0,
2026-08-17,2026,San Diego Padres,2.0,1.0,27842.0,Final,823589,78.0,0.0,0,0,0,,,,,,0.452,0.532,,,4,,,,Nolan McLean,3.42,Walker Buehler,4.88,,,0,,0,,19.166666666666668,0,,,8,0,0,690997.0,621111.0,2026-08-17T23:10:00Z,1.0,0.0,0.0,
2026-08-18,2026,San Diego Padres,2.0,5.0,35508.0,Final,823586,76.5,1.7,0,0,0,,,,,,0.449,0.535,,,-1,,,,Zac Thornton,2.78,Robbie Ray,3.45,,,0,,0,,19.166666666666668,0,,,8,1,0,804267.0,592662.0,2026-08-18T23:10:00Z,1.0,0.0,0.0,
2026-08-19,2026,San Diego Padres,4.0,2.0,26195.0,Final,823587,80.4,0.0,0,0,0,,,,,,0.453,0.531,,,1,,,,Robert Stock,6.57,Michael King,3.41,,,0,,0,,13.166666666666666,1,,,8,2,0,476594.0,650633.0,2026-08-19T17:10:00Z,1.0,0.0,0.0,
2026-08-25,2026,Milwaukee Brewers,3.0,2.0,28942.0,Final,823585,75.6,0.0,0,0,0,,,,,,0.455,0.614,,,1,,,,Zac Thornton,3.04,Kyle Harrison,2.84,,,0,,0,,19.166666666666668,0,,,8,1,0,804267.0,690986.0,2026-08-25T23:10:00Z,1.0,0.0,0.0,
2026-08-26,2026,Milwaukee Brewers,1.0,8.0,23607.0,Final,823584,75.0,0.0,0,0,0,,,,,,0.451,0.617,,,-1,,,,Robert Stock,5.4,Dustin May,4.57,,,0,,0,,19.166666666666668,0,,,8,2,0,476594.0,669160.0,2026-08-26T23:10:00Z,1.0,0.0,0.0,
